wrinklers,buff_cycles,buff_percent,time_for_cycles_s,time_left_clicking_s,total_clicks,cookies_during_buff,final_cookies
0,1,100,0.25,9.75,975.0,1950.0,1950.0
0,2,200,0.5,9.5,950.0,2850.0,2850.0
0,3,300,0.75,9.25,925.0,3700.0,3700.0
0,4,400,1.0,9.0,900.0,4500.0,4500.0
0,5,500,1.25,8.75,875.0,5250.0,5250.0
0,6,600,1.5,8.5,850.0,5950.0,5950.0
0,7,700,1.75,8.25,825.0,6600.0,6600.0
0,8,800,2.0,8.0,800.0,7200.0,7200.0
0,9,900,2.25,7.75,775.0,7750.0,7750.0
0,10,1000,2.5,7.5,750.0,8250.0,8250.0
0,11,1100,2.75,7.25,725.0,8700.0,8700.0
0,12,1200,3.0,7.0,700.0,9100.0,9100.0
0,13,1300,3.25,6.75,675.0,9450.0,9450.0
0,14,1400,3.5,6.5,650.0,9750.0,9750.0
0,15,1500,3.75,6.25,625.0,10000.0,10000.0
0,16,1600,4.0,6.0,600.0,10200.0,10200.0
0,17,1700,4.25,5.75,575.0,10350.0,10350.0
0,18,1800,4.5,5.5,550.0,10450.0,10450.0
0,19,1900,4.75,5.25,525.0,10500.0,10500.0
0,20,2000,5.0,5.0,500.0,10500.0,10500.0
0,21,2100,5.25,4.75,475.0,10450.0,10450.0
0,22,2200,5.5,4.5,450.0,10350.0,10350.0
0,23,2300,5.75,4.25,425.0,10200.0,10200.0
0,24,2400,6.0,4.0,400.0,10000.0,10000.0
0,25,2500,6.25,3.75,375.0,9750.0,9750.0
0,26,2600,6.5,3.5,350.0,9450.0,9450.0
0,27,2700,6.75,3.25,325.0,9100.0,9100.0
0,28,2800,7.0,3.0,300.0,8700.0,8700.0
0,29,2900,7.25,2.75,275.0,8250.0,8250.0
0,30,3000,7.5,2.5,250.0,7750.0,7750.0
0,31,3100,7.75,2.25,225.0,7200.0,7200.0
0,32,3200,8.0,2.0,200.0,6600.0,6600.0
0,33,3300,8.25,1.75,175.0,5950.0,5950.0
0,34,3400,8.5,1.5,150.0,5250.0,5250.0
0,35,3500,8.75,1.25,125.0,4500.0,4500.0
0,36,3600,9.0,1.0,100.0,3700.0,3700.0
0,37,3700,9.25,0.75,75.0,2850.0,2850.0
0,38,3800,9.5,0.5,50.0,1950.0,1950.0
0,39,3900,9.75,0.25,25.0,1000.0,1000.0
0,40,4000,10.0,0.0,0.0,0.0,0.0
1,1,100,0.25,9.75,975.0,1852.5,1861.7624999999998
1,2,200,0.5,9.5,950.0,2707.5,2721.0375
1,3,300,0.75,9.25,925.0,3515.0,3532.575
1,4,400,1.0,9.0,900.0,4275.0,4296.374999999999
1,5,500,1.25,8.75,875.0,4987.5,5012.437499999999
1,6,600,1.5,8.5,850.0,5652.5,5680.7625
1,7,700,1.75,8.25,825.0,6270.0,6301.349999999999
1,8,800,2.0,8.0,800.0,6840.0,6874.199999999999
1,9,900,2.25,7.75,775.0,7362.5,7399.312499999999
1,10,1000,2.5,7.5,750.0,7837.5,7876.687499999999
1,11,1100,2.75,7.25,725.0,8265.0,8306.324999999999
1,12,1200,3.0,7.0,700.0,8645.0,8688.224999999999
1,13,1300,3.25,6.75,675.0,8977.5,9022.387499999999
1,14,1400,3.5,6.5,650.0,9262.5,9308.812499999998
1,15,1500,3.75,6.25,625.0,9500.0,9547.499999999998
1,16,1600,4.0,6.0,600.0,9690.0,9738.449999999999
1,17,1700,4.25,5.75,575.0,9832.5,9881.662499999999
1,18,1800,4.5,5.5,550.0,9927.5,9977.137499999999
1,19,1900,4.75,5.25,525.0,9975.0,10024.874999999998
1,20,2000,5.0,5.0,500.0,9975.0,10024.874999999998
1,21,2100,5.25,4.75,475.0,9927.5,9977.137499999999
1,22,2200,5.5,4.5,450.0,9832.5,9881.662499999999
1,23,2300,5.75,4.25,425.0,9690.0,9738.449999999999
1,24,2400,6.0,4.0,400.0,9500.0,9547.499999999998
1,25,2500,6.25,3.75,375.0,9262.5,9308.812499999998
1,26,2600,6.5,3.5,350.0,8977.5,9022.387499999999
1,27,2700,6.75,3.25,325.0,8645.0,8688.224999999999
1,28,2800,7.0,3.0,300.0,8265.0,8306.324999999999
1,29,2900,7.25,2.75,275.0,7837.5,7876.687499999999
1,30,3000,7.5,2.5,250.0,7362.5,7399.312499999999
1,31,3100,7.75,2.25,225.0,6840.0,6874.199999999999
1,32,3200,8.0,2.0,200.0,6270.0,6301.349999999999
1,33,3300,8.25,1.75,175.0,5652.5,5680.7625
1,34,3400,8.5,1.5,150.0,4987.5,5012.437499999999
1,35,3500,8.75,1.25,125.0,4275.0,4296.374999999999
1,36,3600,9.0,1.0,100.0,3515.0,3532.575
1,37,3700,9.25,0.75,75.0,2707.5,2721.0375
1,38,3800,9.5,0.5,50.0,1852.5,1861.7624999999998
1,39,3900,9.75,0.25,25.0,950.0,954.7499999999999
1,40,4000,10.0,0.0,0.0,0.0,0.0
2,1,100,0.25,9.75,975.0,1755.0,1965.6000000000001
2,2,200,0.5,9.5,950.0,2565.0,2872.8
2,3,300,0.75,9.25,925.0,3330.0,3729.6000000000004
2,4,400,1.0,9.0,900.0,4050.0,4536.0
2,5,500,1.25,8.75,875.0,4725.0,5292.000000000001
2,6,600,1.5,8.5,850.0,5355.0,5997.6
2,7,700,1.75,8.25,825.0,5940.0,6652.8
2,8,800,2.0,8.0,800.0,6480.0,7257.6
2,9,900,2.25,7.75,775.0,6975.0,7812.000000000001
2,10,1000,2.5,7.5,750.0,7425.0,8316.0
2,11,1100,2.75,7.25,725.0,7830.0,8769.6
2,12,1200,3.0,7.0,700.0,8190.0,9172.800000000001
2,13,1300,3.25,6.75,675.0,8505.0,9525.6
2,14,1400,3.5,6.5,650.0,8775.0,9828.000000000002
2,15,1500,3.75,6.25,625.0,9000.0,10080.000000000002
2,16,1600,4.0,6.0,600.0,9180.0,10281.6
2,17,1700,4.25,5.75,575.0,9315.0,10432.800000000001
2,18,1800,4.5,5.5,550.0,9405.0,10533.6
2,19,1900,4.75,5.25,525.0,9450.0,10584.000000000002
2,20,2000,5.0,5.0,500.0,9450.0,10584.000000000002
2,21,2100,5.25,4.75,475.0,9405.0,10533.6
2,22,2200,5.5,4.5,450.0,9315.0,10432.800000000001
2,23,2300,5.75,4.25,425.0,9180.0,10281.6
2,24,2400,6.0,4.0,400.0,9000.0,10080.000000000002
2,25,2500,6.25,3.75,375.0,8775.0,9828.000000000002
2,26,2600,6.5,3.5,350.0,8505.0,9525.6
2,27,2700,6.75,3.25,325.0,8190.0,9172.800000000001
2,28,2800,7.0,3.0,300.0,7830.0,8769.6
2,29,2900,7.25,2.75,275.0,7425.0,8316.0
2,30,3000,7.5,2.5,250.0,6975.0,7812.000000000001
2,31,3100,7.75,2.25,225.0,6480.0,7257.6
2,32,3200,8.0,2.0,200.0,5940.0,6652.8
2,33,3300,8.25,1.75,175.0,5355.0,5997.6
2,34,3400,8.5,1.5,150.0,4725.0,5292.000000000001
2,35,3500,8.75,1.25,125.0,4050.0,4536.0
2,36,3600,9.0,1.0,100.0,3330.0,3729.6000000000004
2,37,3700,9.25,0.75,75.0,2565.0,2872.8
2,38,3800,9.5,0.5,50.0,1755.0,1965.6000000000001
2,39,3900,9.75,0.25,25.0,900.0,1008.0000000000001
2,40,4000,10.0,0.0,0.0,0.0,0.0
3,1,100,0.25,9.75,975.0,1657.5,2229.3375
3,2,200,0.5,9.5,950.0,2422.5,3258.2625
3,3,300,0.75,9.25,925.0,3145.0,4230.025
3,4,400,1.0,9.0,900.0,3825.0,5144.625
3,5,500,1.25,8.75,875.0,4462.5,6002.0625
3,6,600,1.5,8.5,850.0,5057.5,6802.3375
3,7,700,1.75,8.25,825.0,5610.0,7545.45
3,8,800,2.0,8.0,800.0,6120.0,8231.4
3,9,900,2.25,7.75,775.0,6587.5,8860.1875
3,10,1000,2.5,7.5,750.0,7012.5,9431.8125
3,11,1100,2.75,7.25,725.0,7395.0,9946.275
3,12,1200,3.0,7.0,700.0,7735.0,10403.574999999999
3,13,1300,3.25,6.75,675.0,8032.5,10803.7125
3,14,1400,3.5,6.5,650.0,8287.5,11146.6875
3,15,1500,3.75,6.25,625.0,8500.0,11432.5
3,16,1600,4.0,6.0,600.0,8670.0,11661.15
3,17,1700,4.25,5.75,575.0,8797.5,11832.637499999999
3,18,1800,4.5,5.5,550.0,8882.5,11946.9625
3,19,1900,4.75,5.25,525.0,8925.0,12004.125
3,20,2000,5.0,5.0,500.0,8925.0,12004.125
3,21,2100,5.25,4.75,475.0,8882.5,11946.9625
3,22,2200,5.5,4.5,450.0,8797.5,11832.637499999999
3,23,2300,5.75,4.25,425.0,8670.0,11661.15
3,24,2400,6.0,4.0,400.0,8500.0,11432.5
3,25,2500,6.25,3.75,375.0,8287.5,11146.6875
3,26,2600,6.5,3.5,350.0,8032.5,10803.7125
3,27,2700,6.75,3.25,325.0,7735.0,10403.574999999999
3,28,2800,7.0,3.0,300.0,7395.0,9946.275
3,29,2900,7.25,2.75,275.0,7012.5,9431.8125
3,30,3000,7.5,2.5,250.0,6587.5,8860.1875
3,31,3100,7.75,2.25,225.0,6120.0,8231.4
3,32,3200,8.0,2.0,200.0,5610.0,7545.45
3,33,3300,8.25,1.75,175.0,5057.5,6802.3375
3,34,3400,8.5,1.5,150.0,4462.5,6002.0625
3,35,3500,8.75,1.25,125.0,3825.0,5144.625
3,36,3600,9.0,1.0,100.0,3145.0,4230.025
3,37,3700,9.25,0.75,75.0,2422.5,3258.2625
3,38,3800,9.5,0.5,50.0,1657.5,2229.3375
3,39,3900,9.75,0.25,25.0,850.0,1143.25
3,40,4000,10.0,0.0,0.0,0.0,0.0
4,1,100,0.25,9.75,975.0,1560.0,2620.8
4,2,200,0.5,9.5,950.0,2280.0,3830.4000000000005
4,3,300,0.75,9.25,925.0,2960.0,4972.8
4,4,400,1.0,9.0,900.0,3600.0,6048.000000000001
4,5,500,1.25,8.75,875.0,4200.0,7056.000000000001
4,6,600,1.5,8.5,850.0,4760.0,7996.800000000001
4,7,700,1.75,8.25,825.0,5280.0,8870.400000000001
4,8,800,2.0,8.0,800.0,5760.0,9676.800000000001
4,9,900,2.25,7.75,775.0,6200.0,10416.000000000002
4,10,1000,2.5,7.5,750.0,6600.0,11088.000000000002
4,11,1100,2.75,7.25,725.0,6960.0,11692.800000000001
4,12,1200,3.0,7.0,700.0,7280.0,12230.400000000001
4,13,1300,3.25,6.75,675.0,7560.0,12700.800000000001
4,14,1400,3.5,6.5,650.0,7800.0,13104.000000000002
4,15,1500,3.75,6.25,625.0,8000.0,13440.000000000002
4,16,1600,4.0,6.0,600.0,8160.0,13708.800000000001
4,17,1700,4.25,5.75,575.0,8280.0,13910.400000000001
4,18,1800,4.5,5.5,550.0,8360.0,14044.800000000001
4,19,1900,4.75,5.25,525.0,8400.0,14112.000000000002
4,20,2000,5.0,5.0,500.0,8400.0,14112.000000000002
4,21,2100,5.25,4.75,475.0,8360.0,14044.800000000001
4,22,2200,5.5,4.5,450.0,8280.0,13910.400000000001
4,23,2300,5.75,4.25,425.0,8160.0,13708.800000000001
4,24,2400,6.0,4.0,400.0,8000.0,13440.000000000002
4,25,2500,6.25,3.75,375.0,7800.0,13104.000000000002
4,26,2600,6.5,3.5,350.0,7560.0,12700.800000000001
4,27,2700,6.75,3.25,325.0,7280.0,12230.400000000001
4,28,2800,7.0,3.0,300.0,6960.0,11692.800000000001
4,29,2900,7.25,2.75,275.0,6600.0,11088.000000000002
4,30,3000,7.5,2.5,250.0,6200.0,10416.000000000002
4,31,3100,7.75,2.25,225.0,5760.0,9676.800000000001
4,32,3200,8.0,2.0,200.0,5280.0,8870.400000000001
4,33,3300,8.25,1.75,175.0,4760.0,7996.800000000001
4,34,3400,8.5,1.5,150.0,4200.0,7056.000000000001
4,35,3500,8.75,1.25,125.0,3600.0,6048.000000000001
4,36,3600,9.0,1.0,100.0,2960.0,4972.8
4,37,3700,9.25,0.75,75.0,2280.0,3830.4000000000005
4,38,3800,9.5,0.5,50.0,1560.0,2620.8
4,39,3900,9.75,0.25,25.0,800.0,1344.0000000000002
4,40,4000,10.0,0.0,0.0,0.0,0.0
5,1,100,0.25,9.75,975.0,1462.5,3107.8125
5,2,200,0.5,9.5,950.0,2137.5,4542.1875
5,3,300,0.75,9.25,925.0,2775.0,5896.875
5,4,400,1.0,9.0,900.0,3375.0,7171.875
5,5,500,1.25,8.75,875.0,3937.5,8367.1875
5,6,600,1.5,8.5,850.0,4462.5,9482.8125
5,7,700,1.75,8.25,825.0,4950.0,10518.75
5,8,800,2.0,8.0,800.0,5400.0,11475.0
5,9,900,2.25,7.75,775.0,5812.5,12351.5625
5,10,1000,2.5,7.5,750.0,6187.5,13148.4375
5,11,1100,2.75,7.25,725.0,6525.0,13865.625
5,12,1200,3.0,7.0,700.0,6825.0,14503.125
5,13,1300,3.25,6.75,675.0,7087.5,15060.9375
5,14,1400,3.5,6.5,650.0,7312.5,15539.0625
5,15,1500,3.75,6.25,625.0,7500.0,15937.5
5,16,1600,4.0,6.0,600.0,7650.0,16256.25
5,17,1700,4.25,5.75,575.0,7762.5,16495.3125
5,18,1800,4.5,5.5,550.0,7837.5,16654.6875
5,19,1900,4.75,5.25,525.0,7875.0,16734.375
5,20,2000,5.0,5.0,500.0,7875.0,16734.375
5,21,2100,5.25,4.75,475.0,7837.5,16654.6875
5,22,2200,5.5,4.5,450.0,7762.5,16495.3125
5,23,2300,5.75,4.25,425.0,7650.0,16256.25
5,24,2400,6.0,4.0,400.0,7500.0,15937.5
5,25,2500,6.25,3.75,375.0,7312.5,15539.0625
5,26,2600,6.5,3.5,350.0,7087.5,15060.9375
5,27,2700,6.75,3.25,325.0,6825.0,14503.125
5,28,2800,7.0,3.0,300.0,6525.0,13865.625
5,29,2900,7.25,2.75,275.0,6187.5,13148.4375
5,30,3000,7.5,2.5,250.0,5812.5,12351.5625
5,31,3100,7.75,2.25,225.0,5400.0,11475.0
5,32,3200,8.0,2.0,200.0,4950.0,10518.75
5,33,3300,8.25,1.75,175.0,4462.5,9482.8125
5,34,3400,8.5,1.5,150.0,3937.5,8367.1875
5,35,3500,8.75,1.25,125.0,3375.0,7171.875
5,36,3600,9.0,1.0,100.0,2775.0,5896.875
5,37,3700,9.25,0.75,75.0,2137.5,4542.1875
5,38,3800,9.5,0.5,50.0,1462.5,3107.8125
5,39,3900,9.75,0.25,25.0,750.0,1593.75
5,40,4000,10.0,0.0,0.0,0.0,0.0
6,1,100,0.25,9.75,975.0,1365.0,3658.2
6,2,200,0.5,9.5,950.0,1995.0,5346.599999999999
6,3,300,0.75,9.25,925.0,2590.0,6941.199999999999
6,4,400,1.0,9.0,900.0,3150.0,8442.0
6,5,500,1.25,8.75,875.0,3675.0,9848.999999999998
6,6,600,1.5,8.5,850.0,4165.0,11162.199999999999
6,7,700,1.75,8.25,825.0,4620.0,12381.599999999999
6,8,800,2.0,8.0,800.0,5040.0,13507.199999999999
6,9,900,2.25,7.75,775.0,5425.0,14538.999999999998
6,10,1000,2.5,7.5,750.0,5775.0,15476.999999999998
6,11,1100,2.75,7.25,725.0,6089.999999999999,16321.199999999995
6,12,1200,3.0,7.0,700.0,6369.999999999999,17071.599999999995
6,13,1300,3.25,6.75,675.0,6614.999999999999,17728.199999999997
6,14,1400,3.5,6.5,650.0,6824.999999999999,18290.999999999996
6,15,1500,3.75,6.25,625.0,7000.0,18759.999999999996
6,16,1600,4.0,6.0,600.0,7140.0,19135.199999999997
6,17,1700,4.25,5.75,575.0,7245.0,19416.6
6,18,1800,4.5,5.5,550.0,7315.0,19604.199999999997
6,19,1900,4.75,5.25,525.0,7350.0,19697.999999999996
6,20,2000,5.0,5.0,500.0,7350.0,19697.999999999996
6,21,2100,5.25,4.75,475.0,7315.0,19604.199999999997
6,22,2200,5.5,4.5,450.0,7245.0,19416.6
6,23,2300,5.75,4.25,425.0,7140.0,19135.199999999997
6,24,2400,6.0,4.0,400.0,7000.0,18759.999999999996
6,25,2500,6.25,3.75,375.0,6825.0,18290.999999999996
6,26,2600,6.5,3.5,350.0,6614.999999999999,17728.199999999997
6,27,2700,6.75,3.25,325.0,6369.999999999999,17071.599999999995
6,28,2800,7.0,3.0,300.0,6090.0,16321.199999999999
6,29,2900,7.25,2.75,275.0,5775.0,15476.999999999998
6,30,3000,7.5,2.5,250.0,5425.0,14538.999999999998
6,31,3100,7.75,2.25,225.0,5040.0,13507.199999999999
6,32,3200,8.0,2.0,200.0,4620.0,12381.599999999999
6,33,3300,8.25,1.75,175.0,4164.999999999999,11162.199999999997
6,34,3400,8.5,1.5,150.0,3675.0,9848.999999999998
6,35,3500,8.75,1.25,125.0,3150.0,8442.0
6,36,3600,9.0,1.0,100.0,2590.0,6941.199999999999
6,37,3700,9.25,0.75,75.0,1995.0,5346.599999999999
6,38,3800,9.5,0.5,50.0,1365.0,3658.2
6,39,3900,9.75,0.25,25.0,700.0,1875.9999999999998
6,40,4000,10.0,0.0,0.0,0.0,0.0
7,1,100,0.25,9.75,975.0,1267.4999999999998,4239.7874999999985
7,2,200,0.5,9.5,950.0,1852.4999999999995,6196.612499999998
7,3,300,0.75,9.25,925.0,2404.9999999999995,8044.724999999998
7,4,400,1.0,9.0,900.0,2924.9999999999995,9784.124999999998
7,5,500,1.25,8.75,875.0,3412.499999999999,11414.812499999996
7,6,600,1.5,8.5,850.0,3867.499999999999,12936.787499999997
7,7,700,1.75,8.25,825.0,4289.999999999999,14350.049999999996
7,8,800,2.0,8.0,800.0,4679.999999999999,15654.599999999995
7,9,900,2.25,7.75,775.0,5037.499999999999,16850.437499999996
7,10,1000,2.5,7.5,750.0,5362.499999999999,17937.562499999996
7,11,1100,2.75,7.25,725.0,5654.999999999999,18915.974999999995
7,12,1200,3.0,7.0,700.0,5914.999999999999,19785.674999999996
7,13,1300,3.25,6.75,675.0,6142.499999999999,20546.662499999995
7,14,1400,3.5,6.5,650.0,6337.499999999999,21198.937499999996
7,15,1500,3.75,6.25,625.0,6499.999999999999,21742.499999999996
7,16,1600,4.0,6.0,600.0,6629.999999999999,22177.349999999995
7,17,1700,4.25,5.75,575.0,6727.499999999999,22503.487499999996
7,18,1800,4.5,5.5,550.0,6792.499999999999,22720.912499999995
7,19,1900,4.75,5.25,525.0,6824.999999999999,22829.624999999996
7,20,2000,5.0,5.0,500.0,6824.999999999999,22829.624999999996
7,21,2100,5.25,4.75,475.0,6792.499999999999,22720.912499999995
7,22,2200,5.5,4.5,450.0,6727.499999999999,22503.487499999996
7,23,2300,5.75,4.25,425.0,6629.999999999998,22177.34999999999
7,24,2400,6.0,4.0,400.0,6499.999999999998,21742.499999999993
7,25,2500,6.25,3.75,375.0,6337.499999999999,21198.937499999996
7,26,2600,6.5,3.5,350.0,6142.499999999999,20546.662499999995
7,27,2700,6.75,3.25,325.0,5914.999999999999,19785.674999999996
7,28,2800,7.0,3.0,300.0,5654.999999999999,18915.974999999995
7,29,2900,7.25,2.75,275.0,5362.499999999999,17937.562499999996
7,30,3000,7.5,2.5,250.0,5037.499999999999,16850.437499999996
7,31,3100,7.75,2.25,225.0,4679.999999999999,15654.599999999995
7,32,3200,8.0,2.0,200.0,4289.999999999999,14350.049999999996
7,33,3300,8.25,1.75,175.0,3867.4999999999995,12936.787499999997
7,34,3400,8.5,1.5,150.0,3412.4999999999995,11414.812499999998
7,35,3500,8.75,1.25,125.0,2924.9999999999995,9784.124999999998
7,36,3600,9.0,1.0,100.0,2404.9999999999995,8044.724999999998
7,37,3700,9.25,0.75,75.0,1852.4999999999998,6196.612499999998
7,38,3800,9.5,0.5,50.0,1267.4999999999998,4239.7874999999985
7,39,3900,9.75,0.25,25.0,649.9999999999999,2174.2499999999995
7,40,4000,10.0,0.0,0.0,0.0,0.0
8,1,100,0.25,9.75,975.0,1170.0,4820.400000000001
8,2,200,0.5,9.5,950.0,1710.0,7045.2
8,3,300,0.75,9.25,925.0,2220.0,9146.4
8,4,400,1.0,9.0,900.0,2700.0,11124.0
8,5,500,1.25,8.75,875.0,3150.0,12978.0
8,6,600,1.5,8.5,850.0,3570.0,14708.4
8,7,700,1.75,8.25,825.0,3960.0,16315.2
8,8,800,2.0,8.0,800.0,4320.0,17798.4
8,9,900,2.25,7.75,775.0,4650.0,19158.0
8,10,1000,2.5,7.5,750.0,4950.0,20394.0
8,11,1100,2.75,7.25,725.0,5220.0,21506.4
8,12,1200,3.0,7.0,700.0,5460.0,22495.2
8,13,1300,3.25,6.75,675.0,5670.0,23360.4
8,14,1400,3.5,6.5,650.0,5850.0,24102.0
8,15,1500,3.75,6.25,625.0,6000.0,24720.0
8,16,1600,4.0,6.0,600.0,6120.0,25214.4
8,17,1700,4.25,5.75,575.0,6210.0,25585.2
8,18,1800,4.5,5.5,550.0,6270.0,25832.4
8,19,1900,4.75,5.25,525.0,6300.0,25956.0
8,20,2000,5.0,5.0,500.0,6300.0,25956.0
8,21,2100,5.25,4.75,475.0,6270.0,25832.4
8,22,2200,5.5,4.5,450.0,6210.0,25585.2
8,23,2300,5.75,4.25,425.0,6120.0,25214.4
8,24,2400,6.0,4.0,400.0,6000.0,24720.0
8,25,2500,6.25,3.75,375.0,5850.0,24102.0
8,26,2600,6.5,3.5,350.0,5670.0,23360.4
8,27,2700,6.75,3.25,325.0,5460.0,22495.2
8,28,2800,7.0,3.0,300.0,5220.0,21506.4
8,29,2900,7.25,2.75,275.0,4950.0,20394.0
8,30,3000,7.5,2.5,250.0,4650.0,19158.0
8,31,3100,7.75,2.25,225.0,4320.0,17798.4
8,32,3200,8.0,2.0,200.0,3960.0,16315.2
8,33,3300,8.25,1.75,175.0,3570.0,14708.4
8,34,3400,8.5,1.5,150.0,3150.0,12978.0
8,35,3500,8.75,1.25,125.0,2700.0,11124.0
8,36,3600,9.0,1.0,100.0,2220.0,9146.4
8,37,3700,9.25,0.75,75.0,1710.0,7045.2
8,38,3800,9.5,0.5,50.0,1170.0,4820.400000000001
8,39,3900,9.75,0.25,25.0,600.0,2472.0
8,40,4000,10.0,0.0,0.0,0.0,0.0
9,1,100,0.25,9.75,975.0,1072.5,5367.8625
9,2,200,0.5,9.5,950.0,1567.5,7845.3375
9,3,300,0.75,9.25,925.0,2035.0000000000002,10185.175000000001
9,4,400,1.0,9.0,900.0,2475.0000000000005,12387.375000000002
9,5,500,1.25,8.75,875.0,2887.5000000000005,14451.937500000002
9,6,600,1.5,8.5,850.0,3272.5000000000005,16378.862500000001
9,7,700,1.75,8.25,825.0,3630.0000000000005,18168.15
9,8,800,2.0,8.0,800.0,3960.0000000000005,19819.800000000003
9,9,900,2.25,7.75,775.0,4262.500000000001,21333.812500000004
9,10,1000,2.5,7.5,750.0,4537.500000000001,22710.187500000004
9,11,1100,2.75,7.25,725.0,4785.000000000001,23948.925000000003
9,12,1200,3.0,7.0,700.0,5005.000000000001,25050.025000000005
9,13,1300,3.25,6.75,675.0,5197.500000000001,26013.487500000003
9,14,1400,3.5,6.5,650.0,5362.500000000001,26839.312500000004
9,15,1500,3.75,6.25,625.0,5500.0,27527.5
9,16,1600,4.0,6.0,600.0,5610.0,28078.05
9,17,1700,4.25,5.75,575.0,5692.5,28490.962499999998
9,18,1800,4.5,5.5,550.0,5747.5,28766.2375
9,19,1900,4.75,5.25,525.0,5775.0,28903.875
9,20,2000,5.0,5.0,500.0,5775.0,28903.875
9,21,2100,5.25,4.75,475.0,5747.5,28766.2375
9,22,2200,5.5,4.5,450.0,5692.500000000001,28490.962500000005
9,23,2300,5.75,4.25,425.0,5610.000000000001,28078.050000000003
9,24,2400,6.0,4.0,400.0,5500.000000000001,27527.500000000004
9,25,2500,6.25,3.75,375.0,5362.500000000001,26839.312500000004
9,26,2600,6.5,3.5,350.0,5197.500000000001,26013.487500000003
9,27,2700,6.75,3.25,325.0,5005.000000000001,25050.025000000005
9,28,2800,7.0,3.0,300.0,4785.0,23948.925
9,29,2900,7.25,2.75,275.0,4537.5,22710.1875
9,30,3000,7.5,2.5,250.0,4262.5,21333.8125
9,31,3100,7.75,2.25,225.0,3960.0000000000005,19819.800000000003
9,32,3200,8.0,2.0,200.0,3630.0000000000005,18168.15
9,33,3300,8.25,1.75,175.0,3272.5000000000005,16378.862500000001
9,34,3400,8.5,1.5,150.0,2887.5,14451.9375
9,35,3500,8.75,1.25,125.0,2475.0,12387.375
9,36,3600,9.0,1.0,100.0,2035.0000000000002,10185.175000000001
9,37,3700,9.25,0.75,75.0,1567.5,7845.3375
9,38,3800,9.5,0.5,50.0,1072.5000000000002,5367.862500000001
9,39,3900,9.75,0.25,25.0,550.0000000000001,2752.7500000000005
9,40,4000,10.0,0.0,0.0,0.0,0.0
10,1,100,0.25,9.75,975.0,975.0,5850.0
10,2,200,0.5,9.5,950.0,1425.0,8550.0
10,3,300,0.75,9.25,925.0,1850.0,11100.0
10,4,400,1.0,9.0,900.0,2250.0,13500.0
10,5,500,1.25,8.75,875.0,2625.0,15750.0
10,6,600,1.5,8.5,850.0,2975.0,17850.0
10,7,700,1.75,8.25,825.0,3300.0,19800.0
10,8,800,2.0,8.0,800.0,3600.0,21600.0
10,9,900,2.25,7.75,775.0,3875.0,23250.0
10,10,1000,2.5,7.5,750.0,4125.0,24750.0
10,11,1100,2.75,7.25,725.0,4350.0,26100.0
10,12,1200,3.0,7.0,700.0,4550.0,27300.0
10,13,1300,3.25,6.75,675.0,4725.0,28350.0
10,14,1400,3.5,6.5,650.0,4875.0,29250.0
10,15,1500,3.75,6.25,625.0,5000.0,30000.0
10,16,1600,4.0,6.0,600.0,5100.0,30600.0
10,17,1700,4.25,5.75,575.0,5175.0,31050.0
10,18,1800,4.5,5.5,550.0,5225.0,31350.0
10,19,1900,4.75,5.25,525.0,5250.0,31500.0
10,20,2000,5.0,5.0,500.0,5250.0,31500.0
10,21,2100,5.25,4.75,475.0,5225.0,31350.0
10,22,2200,5.5,4.5,450.0,5175.0,31050.0
10,23,2300,5.75,4.25,425.0,5100.0,30600.0
10,24,2400,6.0,4.0,400.0,5000.0,30000.0
10,25,2500,6.25,3.75,375.0,4875.0,29250.0
10,26,2600,6.5,3.5,350.0,4725.0,28350.0
10,27,2700,6.75,3.25,325.0,4550.0,27300.0
10,28,2800,7.0,3.0,300.0,4350.0,26100.0
10,29,2900,7.25,2.75,275.0,4125.0,24750.0
10,30,3000,7.5,2.5,250.0,3875.0,23250.0
10,31,3100,7.75,2.25,225.0,3600.0,21600.0
10,32,3200,8.0,2.0,200.0,3300.0,19800.0
10,33,3300,8.25,1.75,175.0,2975.0,17850.0
10,34,3400,8.5,1.5,150.0,2625.0,15750.0
10,35,3500,8.75,1.25,125.0,2250.0,13500.0
10,36,3600,9.0,1.0,100.0,1850.0,11100.0
10,37,3700,9.25,0.75,75.0,1425.0,8550.0
10,38,3800,9.5,0.5,50.0,975.0,5850.0
10,39,3900,9.75,0.25,25.0,500.0,3000.0
10,40,4000,10.0,0.0,0.0,0.0,0.0
11,1,100,0.25,9.75,975.0,877.4999999999999,6234.6375
11,2,200,0.5,9.5,950.0,1282.4999999999998,9112.162499999999
11,3,300,0.75,9.25,925.0,1664.9999999999998,11829.824999999999
11,4,400,1.0,9.0,900.0,2024.9999999999998,14387.625
11,5,500,1.25,8.75,875.0,2362.4999999999995,16785.562499999996
11,6,600,1.5,8.5,850.0,2677.4999999999995,19023.637499999997
11,7,700,1.75,8.25,825.0,2969.9999999999995,21101.85
11,8,800,2.0,8.0,800.0,3239.9999999999995,23020.199999999997
11,9,900,2.25,7.75,775.0,3487.4999999999995,24778.6875
11,10,1000,2.5,7.5,750.0,3712.4999999999995,26377.3125
11,11,1100,2.75,7.25,725.0,3914.999999999999,27816.074999999993
11,12,1200,3.0,7.0,700.0,4094.999999999999,29094.974999999995
11,13,1300,3.25,6.75,675.0,4252.499999999999,30214.012499999997
11,14,1400,3.5,6.5,650.0,4387.499999999999,31173.187499999996
11,15,1500,3.75,6.25,625.0,4500.0,31972.500000000004
11,16,1600,4.0,6.0,600.0,4590.0,32611.95
11,17,1700,4.25,5.75,575.0,4657.5,33091.5375
11,18,1800,4.5,5.5,550.0,4702.499999999999,33411.2625
11,19,1900,4.75,5.25,525.0,4724.999999999999,33571.12499999999
11,20,2000,5.0,5.0,500.0,4724.999999999999,33571.12499999999
11,21,2100,5.25,4.75,475.0,4702.499999999999,33411.2625
11,22,2200,5.5,4.5,450.0,4657.499999999999,33091.5375
11,23,2300,5.75,4.25,425.0,4589.999999999999,32611.949999999997
11,24,2400,6.0,4.0,400.0,4499.999999999999,31972.499999999996
11,25,2500,6.25,3.75,375.0,4387.499999999999,31173.187499999996
11,26,2600,6.5,3.5,350.0,4252.499999999999,30214.012499999997
11,27,2700,6.75,3.25,325.0,4094.999999999999,29094.974999999995
11,28,2800,7.0,3.0,300.0,3915.0,27816.075
11,29,2900,7.25,2.75,275.0,3712.4999999999995,26377.3125
11,30,3000,7.5,2.5,250.0,3487.4999999999995,24778.6875
11,31,3100,7.75,2.25,225.0,3239.9999999999995,23020.199999999997
11,32,3200,8.0,2.0,200.0,2969.9999999999995,21101.85
11,33,3300,8.25,1.75,175.0,2677.4999999999995,19023.637499999997
11,34,3400,8.5,1.5,150.0,2362.5,16785.5625
11,35,3500,8.75,1.25,125.0,2024.9999999999998,14387.625
11,36,3600,9.0,1.0,100.0,1664.9999999999998,11829.824999999999
11,37,3700,9.25,0.75,75.0,1282.5,9112.1625
11,38,3800,9.5,0.5,50.0,877.4999999999999,6234.6375
11,39,3900,9.75,0.25,25.0,449.99999999999994,3197.25
11,40,4000,10.0,0.0,0.0,0.0,0.0
12,1,100,0.25,9.75,975.0,779.9999999999998,6489.5999999999985
12,2,200,0.5,9.5,950.0,1139.9999999999998,9484.8
12,3,300,0.75,9.25,925.0,1479.9999999999998,12313.599999999999
12,4,400,1.0,9.0,900.0,1799.9999999999998,14975.999999999998
12,5,500,1.25,8.75,875.0,2099.9999999999995,17471.999999999996
12,6,600,1.5,8.5,850.0,2379.9999999999995,19801.6
12,7,700,1.75,8.25,825.0,2639.9999999999995,21964.799999999996
12,8,800,2.0,8.0,800.0,2879.9999999999995,23961.6
12,9,900,2.25,7.75,775.0,3099.9999999999995,25791.999999999996
12,10,1000,2.5,7.5,750.0,3299.9999999999995,27455.999999999996
12,11,1100,2.75,7.25,725.0,3479.999999999999,28953.599999999995
12,12,1200,3.0,7.0,700.0,3639.999999999999,30284.799999999992
12,13,1300,3.25,6.75,675.0,3779.999999999999,31449.599999999995
12,14,1400,3.5,6.5,650.0,3899.999999999999,32447.999999999993
12,15,1500,3.75,6.25,625.0,3999.999999999999,33279.99999999999
12,16,1600,4.0,6.0,600.0,4079.999999999999,33945.59999999999
12,17,1700,4.25,5.75,575.0,4139.999999999999,34444.799999999996
12,18,1800,4.5,5.5,550.0,4179.999999999999,34777.59999999999
12,19,1900,4.75,5.25,525.0,4199.999999999999,34943.99999999999
12,20,2000,5.0,5.0,500.0,4199.999999999999,34943.99999999999
12,21,2100,5.25,4.75,475.0,4179.999999999999,34777.59999999999
12,22,2200,5.5,4.5,450.0,4139.999999999999,34444.799999999996
12,23,2300,5.75,4.25,425.0,4079.999999999999,33945.59999999999
12,24,2400,6.0,4.0,400.0,3999.999999999999,33279.99999999999
12,25,2500,6.25,3.75,375.0,3899.999999999999,32447.999999999993
12,26,2600,6.5,3.5,350.0,3779.999999999999,31449.599999999995
12,27,2700,6.75,3.25,325.0,3639.999999999999,30284.799999999992
12,28,2800,7.0,3.0,300.0,3479.999999999999,28953.599999999995
12,29,2900,7.25,2.75,275.0,3299.999999999999,27455.999999999993
12,30,3000,7.5,2.5,250.0,3099.999999999999,25791.999999999993
12,31,3100,7.75,2.25,225.0,2879.9999999999995,23961.6
12,32,3200,8.0,2.0,200.0,2639.9999999999995,21964.799999999996
12,33,3300,8.25,1.75,175.0,2379.9999999999995,19801.6
12,34,3400,8.5,1.5,150.0,2099.9999999999995,17471.999999999996
12,35,3500,8.75,1.25,125.0,1799.9999999999995,14975.999999999996
12,36,3600,9.0,1.0,100.0,1479.9999999999998,12313.599999999999
12,37,3700,9.25,0.75,75.0,1139.9999999999998,9484.8
12,38,3800,9.5,0.5,50.0,779.9999999999999,6489.599999999999
12,39,3900,9.75,0.25,25.0,399.99999999999994,3327.9999999999995
12,40,4000,10.0,0.0,0.0,0.0,0.0
13,1,100,0.25,9.75,975.0,682.5,6582.7125
13,2,200,0.5,9.5,950.0,997.5,9620.887499999999
13,3,300,0.75,9.25,925.0,1295.0,12490.275
13,4,400,1.0,9.0,900.0,1575.0,15190.875
13,5,500,1.25,8.75,875.0,1837.5,17722.6875
13,6,600,1.5,8.5,850.0,2082.5,20085.712499999998
13,7,700,1.75,8.25,825.0,2310.0,22279.95
13,8,800,2.0,8.0,800.0,2520.0,24305.399999999998
13,9,900,2.25,7.75,775.0,2712.5,26162.0625
13,10,1000,2.5,7.5,750.0,2887.5,27849.9375
13,11,1100,2.75,7.25,725.0,3044.9999999999995,29369.024999999994
13,12,1200,3.0,7.0,700.0,3184.9999999999995,30719.324999999993
13,13,1300,3.25,6.75,675.0,3307.4999999999995,31900.837499999994
13,14,1400,3.5,6.5,650.0,3412.4999999999995,32913.56249999999
13,15,1500,3.75,6.25,625.0,3500.0,33757.5
13,16,1600,4.0,6.0,600.0,3570.0,34432.65
13,17,1700,4.25,5.75,575.0,3622.5,34939.0125
13,18,1800,4.5,5.5,550.0,3657.5,35276.5875
13,19,1900,4.75,5.25,525.0,3675.0,35445.375
13,20,2000,5.0,5.0,500.0,3675.0,35445.375
13,21,2100,5.25,4.75,475.0,3657.5,35276.5875
13,22,2200,5.5,4.5,450.0,3622.5,34939.0125
13,23,2300,5.75,4.25,425.0,3570.0,34432.65
13,24,2400,6.0,4.0,400.0,3500.0,33757.5
13,25,2500,6.25,3.75,375.0,3412.5,32913.5625
13,26,2600,6.5,3.5,350.0,3307.4999999999995,31900.837499999994
13,27,2700,6.75,3.25,325.0,3184.9999999999995,30719.324999999993
13,28,2800,7.0,3.0,300.0,3045.0,29369.024999999998
13,29,2900,7.25,2.75,275.0,2887.5,27849.9375
13,30,3000,7.5,2.5,250.0,2712.5,26162.0625
13,31,3100,7.75,2.25,225.0,2520.0,24305.399999999998
13,32,3200,8.0,2.0,200.0,2310.0,22279.95
13,33,3300,8.25,1.75,175.0,2082.4999999999995,20085.712499999994
13,34,3400,8.5,1.5,150.0,1837.5,17722.6875
13,35,3500,8.75,1.25,125.0,1575.0,15190.875
13,36,3600,9.0,1.0,100.0,1295.0,12490.275
13,37,3700,9.25,0.75,75.0,997.5,9620.887499999999
13,38,3800,9.5,0.5,50.0,682.5,6582.7125
13,39,3900,9.75,0.25,25.0,350.0,3375.75
13,40,4000,10.0,0.0,0.0,0.0,0.0
14,1,100,0.25,9.75,975.0,584.9999999999999,6481.799999999998
14,2,200,0.5,9.5,950.0,854.9999999999998,9473.399999999998
14,3,300,0.75,9.25,925.0,1109.9999999999998,12298.799999999997
14,4,400,1.0,9.0,900.0,1349.9999999999998,14957.999999999998
14,5,500,1.25,8.75,875.0,1574.9999999999995,17450.999999999996
14,6,600,1.5,8.5,850.0,1784.9999999999995,19777.799999999996
14,7,700,1.75,8.25,825.0,1979.9999999999995,21938.399999999994
14,8,800,2.0,8.0,800.0,2159.9999999999995,23932.799999999996
14,9,900,2.25,7.75,775.0,2324.9999999999995,25760.999999999996
14,10,1000,2.5,7.5,750.0,2474.9999999999995,27422.999999999996
14,11,1100,2.75,7.25,725.0,2609.999999999999,28918.79999999999
14,12,1200,3.0,7.0,700.0,2729.999999999999,30248.39999999999
14,13,1300,3.25,6.75,675.0,2834.999999999999,31411.79999999999
14,14,1400,3.5,6.5,650.0,2924.999999999999,32408.99999999999
14,15,1500,3.75,6.25,625.0,2999.9999999999995,33239.99999999999
14,16,1600,4.0,6.0,600.0,3059.9999999999995,33904.799999999996
14,17,1700,4.25,5.75,575.0,3104.9999999999995,34403.399999999994
14,18,1800,4.5,5.5,550.0,3134.9999999999995,34735.799999999996
14,19,1900,4.75,5.25,525.0,3149.9999999999995,34901.99999999999
14,20,2000,5.0,5.0,500.0,3149.9999999999995,34901.99999999999
14,21,2100,5.25,4.75,475.0,3134.9999999999995,34735.799999999996
14,22,2200,5.5,4.5,450.0,3104.9999999999995,34403.399999999994
14,23,2300,5.75,4.25,425.0,3059.999999999999,33904.79999999999
14,24,2400,6.0,4.0,400.0,2999.999999999999,33239.99999999999
14,25,2500,6.25,3.75,375.0,2924.999999999999,32408.99999999999
14,26,2600,6.5,3.5,350.0,2834.999999999999,31411.79999999999
14,27,2700,6.75,3.25,325.0,2729.999999999999,30248.39999999999
14,28,2800,7.0,3.0,300.0,2609.9999999999995,28918.799999999996
14,29,2900,7.25,2.75,275.0,2474.9999999999995,27422.999999999996
14,30,3000,7.5,2.5,250.0,2324.9999999999995,25760.999999999996
14,31,3100,7.75,2.25,225.0,2159.9999999999995,23932.799999999996
14,32,3200,8.0,2.0,200.0,1979.9999999999995,21938.399999999994
14,33,3300,8.25,1.75,175.0,1784.9999999999995,19777.799999999996
14,34,3400,8.5,1.5,150.0,1574.9999999999998,17450.999999999996
14,35,3500,8.75,1.25,125.0,1349.9999999999998,14957.999999999998
14,36,3600,9.0,1.0,100.0,1109.9999999999998,12298.799999999997
14,37,3700,9.25,0.75,75.0,854.9999999999999,9473.4
14,38,3800,9.5,0.5,50.0,584.9999999999999,6481.799999999998
14,39,3900,9.75,0.25,25.0,299.99999999999994,3323.9999999999995
14,40,4000,10.0,0.0,0.0,0.0,0.0
